{"A. R. Sapthagiri Gowda": 8.49341817186645, "Bharath Shetty": 10.996603793032367, "C. P. Yogeeshwara": 3.937035187035187, "C. Puttarangashetty": 3.086470500149744, "Dinesh Gundu Rao": 17.369325245227508, "Dr. C.N. Ashwath Narayan": 2.8644427571488285, "Eshwara Khandre": 3.0168878045216543, "G. H. Thippareddy": 0.7831229765229235, "GT Devegowda": 0.7735458865393101, "H. Y. Meti": 0.05683855035295843, "H.D. Kumaraswamy": 9.898271585266029, "K. C. Veerendra": 0.21005612034933646, "K. R. Mallikarjunappa": 0.0038125486469535426, "Kengal Shreepadha Renu": 1.8671030810533844, "L. Nagendra": 1.3635794837752468, "Lalaji Mendon": 2.137902556546091, "Lallesh Reddy": 2.19524430287819, "M. Krishnappa": 0.1327979536867984, "Munirathna": 1.5164627560696653, "P. Muniraju Gowda": 1.2127953881795352, "R. Sampath Raj": 4.674603926304801, "Ramalinga Reddy": 3.198690471109317, "Siddaramaiah": 11.68117934851243, "Soumya Reddy": 4.778125797074912, "Suresha BS": 2.042705881269144, "U. T. Khader": 3.6147902591457477, "Vasu": 1.332165116297996, "Vinay Kumar Sorake": 6.048017482811028, "Y. A. Narayanaswamy": 3.7391651082502135}