{"GT Devegowda": 531.0338983050848, "Lalaji Mendon": 499.2857142857143, "R Sampath Raj": 501.65, "Siddaramaiah": 483.975, "Vinay Kumar Sorake": 566.0}