{"A. R. Sapthagiri Gowda": 8.49341817186645, "C. P. Yogeeshwara": 4.403235653235654, "Dinesh Gundu Rao": 17.369325245227508, "Dr. C.N. Ashwath Narayan": 2.7678177218178335, "G. H. Thippareddy": 0.7831229765229235, "GT Devegowda": 0.7735458865393101, "H.D. Kumaraswamy": 9.895118157972615, "K. C. Veerendra": 0.21005612034933646, "Kengal Shreepadha Renu": 1.8671030810533844, "L. Nagendra": 1.4490591683834202, "Lalaji Mendon": 2.137902556546091, "Lallesh Reddy": 2.19524430287819, "M. Krishnappa": 0.1327979536867984, "R. Sampath Raj": 4.674603926304801, "Ramalinga Reddy": 3.978617494820724, "Siddaramaiah": 11.680962223980194, "Soumya Reddy": 4.778125797074912, "Vasu": 1.3060958307631136, "Vinay Kumar Sorake": 6.048017482811028}