{"A. R. Sapthagiri Gowda": 8.771435413245758, "Bharath Shetty": 11.906127602556175, "C. P. Yogeeshwara": 3.937035187035187, "C. Puttarangashetty": 3.1350554058101223, "Dinesh Gundu Rao": 18.52245024522751, "Dr. C.N. Ashwath Narayan": 3.749192757148828, "Eshwara Khandre": 3.571887804521655, "G. H. Thippareddy": 1.066456309856257, "GT Devegowda": 0.8210035136579543, "H. Y. Meti": 0.06965105035295843, "H.D. Kumaraswamy": 10.194104918599365, "K. C. Veerendra": 0.21005612034933646, "K. R. Mallikarjunappa": 0.0038125486469535426, "Kengal Shreepadha Renu": 2.0926239143867185, "L. Nagendra": 1.8918294837752467, "Lalaji Mendon": 2.137902556546091, "Lallesh Reddy": 2.7969392181324273, "M. Krishnappa": 0.1327979536867984, "Munirathna": 1.8166016449585551, "P. Muniraju Gowda": 1.5821703881795355, "R. Sampath Raj": 6.611111862812739, "Ramalinga Reddy": 3.480877971109318, "Siddaramaiah": 12.94892934851243, "Soumya Reddy": 6.501563297074912, "Suresha BS": 3.142705881269143, "U. T. Khader": 4.781873592479082, "Vasu": 1.802165116297996, "Vinay Kumar Sorake": 6.192461927255472, "Y. A. Narayanaswamy": 5.13208177491688}