{"GT Devegowda": 13.974757869249396, "Lalaji Mendon": 6.234467120181406, "R Sampath Raj": 7.382448743386242, "Siddaramaiah": 17.590517998102154, "Vinay Kumar Sorake": 6.0720797000866105}