{"A. R. Sapthagiri Gowda": 8.983504378763003, "Bharath Shetty": 12.117635539064112, "C. P. Yogeeshwara": 4.6466505716505715, "C. Puttarangashetty": 3.947319556753519, "D. K. Shivakumar": 17.580488674193084, "Dinesh Gundu Rao": 14.632071246642866, "Dr. C.N. Ashwath Narayan": 3.85832467849236, "Eshwara Khandre": 3.8402377333912283, "G. H. Thippareddy": 1.7020256723650848, "GT Devegowda": 1.3344245685345233, "H. Y. Meti": 0.37654676301174517, "H.D. Kumaraswamy": 8.69690458122951, "K. C. Veerendra": 0.8786780913113865, "K. R. Mallikarjunappa": 0.9600588693580917, "Kengal Shreepadha Renu": 2.090565903929211, "L. Nagendra": 2.233343316286325, "Lalaji Mendon": 2.8178954143854993, "Lallesh Reddy": 2.7369385297359994, "M. Krishnappa": 0.861744644666377, "Munirathna": 1.849723601856467, "P. Muniraju Gowda": 1.6334561300879689, "R. Sampath Raj": 6.655035171472868, "Ramalinga Reddy": 3.346938961459288, "Siddaramaiah": 13.153929348512424, "Soumya Reddy": 6.552813297074913, "Suresha BS": 3.1924975479358095, "U. T. Khader": 4.802290259145748, "Vasu": 2.017415116297996, "Vinay Kumar Sorake": 6.42023970503325, "Y. A. Narayanaswamy": 5.23458177491688}