{"Lalaji Mendon": 19.687698412698413, "Vinay Kumar Sorake": 32.050264550264544, "R. Sampath Raj": 10.979491341991347, "GT Devegowda": 14.9743290960452, "Siddaramaiah": 13.153929348512424, "M. Krishnappa": 0.7775755156636213, "H.D. Kumaraswamy": 2.513601977360322, "C. P. Yogeeshwara": 0.7227870205475231, "G. H. Thippareddy": 1.588324353077374, "K. C. Veerendra": 0.7455958380300707, "L. Nagendra": 2.1910271905874565, "Vasu": 2.017415116297996, "Dr. C.N. Ashwath Narayan": 3.3668422416016766, "Kengal Shreepadha Renu": 2.085093413732672, "Dinesh Gundu Rao": 4.807096410656978, "A. R. Sapthagiri Gowda": 2.33779243372148, "Ramalinga Reddy": 1.5230566943001107, "Lallesh Reddy": 2.70858726582834, "Soumya Reddy": 6.552813297074913, "Bharath Shetty": 2.9218828660539793, "H. Y. Meti": 0.3743782271414776, "Eshwara Khandre": 2.5836614790384704, "Munirathna": 1.7157718719928612, "P. Muniraju Gowda": 1.4778710854434594, "Suresha BS": 3.1924975479358095, "Y. A. Narayanaswamy": 5.23458177491688, "U. T. Khader": 4.802290259145748, "C. Puttarangashetty": 1.168318066754532, "K. R. Mallikarjunappa": 0.9571991697789209, "D. K. Shivakumar": 4.5085058030066865}