{"A. R. Sapthagiri Gowda": 8.771435413245758, "Bharath Shetty": 11.906127602556175, "C. P. Yogeeshwara": 3.937035187035187, "C. Puttarangashetty": 3.1350554058101223, "D. K. Shivakumar": 17.465176174193086, "Dinesh Gundu Rao": 14.619258746642867, "Dr. C.N. Ashwath Narayan": 3.5200746784923593, "Eshwara Khandre": 3.045862733391229, "G. H. Thippareddy": 1.0186923390317515, "GT Devegowda": 0.6742550770090997, "H. Y. Meti": 0.0690467630117453, "H.D. Kumaraswamy": 7.886256433081359, "K. C. Veerendra": 0.1483655913113867, "K. R. Mallikarjunappa": 0.0033922026914259265, "Kengal Shreepadha Renu": 2.090565903929211, "L. Nagendra": 1.8753433162863238, "Lalaji Mendon": 2.085752557242642, "Lallesh Reddy": 2.7877859873631183, "M. Krishnappa": 0.09299464466637718, "Munirathna": 1.7586124907453564, "P. Muniraju Gowda": 1.5053311300879688, "R. Sampath Raj": 6.5818208857585825, "Ramalinga Reddy": 2.6806889614592877, "Siddaramaiah": 12.94892934851243, "Soumya Reddy": 6.501563297074912, "Suresha BS": 3.142705881269143, "U. T. Khader": 4.781873592479082, "Vasu": 1.802165116297996, "Vinay Kumar Sorake": 6.192461927255472, "Y. A. Narayanaswamy": 5.13208177491688}